Product Id,Product Name,Price,Link of the product,Color,Scraped Image Link
629016,Le Tuco Shearling Accent Chair by Athena Calderone,$2699,https://www.crateandbarrel.com//le-tuco-shearling-accent-chair-by-athena-calderone/s629016,[],https://cb.scene7.com/is/image/Crate/ParticuliereChair3QSSF22/raw/220307091408/le-tuco-shearling-accent-chair-by-athena-calderone.jpg
469773,Ojai Leather Wood Frame Accent Chair,$1499,https://www.crateandbarrel.com//ojai-leather-wood-frame-accent-chair/s469773,"['Triad Camel', 'Shearling Natural', 'Taurus Fern', 'Fairbanks Charcoal', 'Old Town Cayenne']",https://cb.scene7.com/is/image/Crate/OjaiWdFrmAccntChrCamel3QSSS22/raw/220505141410/ojai-leather-wood-frame-accent-chair.jpg
409193,Bisou Accent Chair,$999,https://www.crateandbarrel.com//bisou-accent-chair/s409193,"['Noelle Sand', 'Noelle Onyx', 'Noelle Java', 'Noelle Taupe']",https://cb.scene7.com/is/image/Crate/BisouChairNoelleSand3QSSF23/raw/230626151334/bisou-accent-chair.jpg
249321,Muirfield Sculptural Metal Accent Chair by Jake Arnold,$1699,https://www.crateandbarrel.com//muirfield-sculptural-metal-accent-chair-by-jake-arnold/s249321,[],https://cb.scene7.com/is/image/Crate/MuirfieldAccentChair3QSSS23/raw/230502131302/muirfield-sculptural-metal-accent-chair-by-jake-arnold.jpg
251277,Rumford Accent Chair by Jake Arnold,$1399,https://www.crateandbarrel.com//rumford-accent-chair-by-jake-arnold/s251277,[],https://cb.scene7.com/is/image/Crate/RumfordAccentChair3QSSS23/raw/230112153250/rumford-accent-chair-by-jake-arnold.jpg
409185,Henning Leather Accent Chair,$1599,https://www.crateandbarrel.com//henning-leather-accent-chair/s409185,[],https://cb.scene7.com/is/image/Crate/HenningLthrChair3QSSF23/raw/231116094235/henning-leather-accent-chair.jpg
378786,Wells Leather Chair,$1899,https://www.crateandbarrel.com//wells-leather-chair/s378786,"['Old Town Cayenne', 'Benoit Stone', 'Fairbanks Charcoal', 'Old Town Black', 'Taurus Fern']",https://cb.scene7.com/is/image/Crate/WellsLthrChairCyn3QSSF20/raw/200720144735/wells-leather-chair.jpg
409139,Medoc Swivel Chair,$1199,https://www.crateandbarrel.com//medoc-swivel-chair/s409139,"['Lucie Tapioca', 'Lucie Smoke', 'Lucie Charcoal', 'Lucie Stone', 'Alessa Cocoa']",https://cb.scene7.com/is/image/Crate/MedocSwivelChairBclTpc3QSSF23/raw/230501150021/medoc-swivel-chair.jpg
537229,Gather Swivel Chair,$1149,https://www.crateandbarrel.com//gather-swivel-chair/s537229,"['Monet Champagne', 'Icon Metal', 'Icon White', 'Monet Frost', 'Bliss Cloud']",https://cb.scene7.com/is/image/Crate/GatherPTSwvlChrMntChm3QS20_3D/raw/230928123249/gather-swivel-chair.jpg
409158,Cigar Accent Chair,$2199,https://www.crateandbarrel.com//cigar-accent-chair/s409158,"['Chester Chimney', 'Chester Sandstone', 'Chester Onyx', 'Chester Tide']",https://cb.scene7.com/is/image/Crate/CigarChairChimney3QSSF23/raw/230612125510/cigar-accent-chair.jpg
146165,Fields Cane Back White Accent Chair,$999,https://www.crateandbarrel.com//fields-cane-back-white-accent-chair/s146165,"['Natural and White', 'Dark Brown and Charcoal', 'Dark Brown and White', 'Whitewash and Natural', 'Whitewash and White']",https://cb.scene7.com/is/image/Crate/FieldsCaneBckAcntChairWht3QS20/raw/230929101233/fields-cane-back-white-accent-chair-by-leanne-ford.jpg
305270,Drew Small Swivel Accent Chair,$1099,https://www.crateandbarrel.com//drew-small-swivel-accent-chair/s305270,"['Hughes Grigio/View Brandy', 'Bliss Dove', 'Hughes Steele/View Navy', 'Bliss Cloud', 'Bliss Natural']",https://cb.scene7.com/is/image/Crate/DrewSwivelChair3QF19_3D/raw/230928123249/drew-small-swivel-chair.jpg
106246,Leisure Power Recliner Accent Chair,$1799,https://www.crateandbarrel.com//leisure-power-recliner-accent-chair/s106246,[],https://cb.scene7.com/is/image/Crate/LeisurePowerReclinerChr3QSSS21/raw/201222173437/leisure-power-recliner-chair.jpg
250971,Ambie Walnut Wood Accent Chair by Jake Arnold,$1299,https://www.crateandbarrel.com//ambie-walnut-wood-accent-chair-by-jake-arnold/s250971,[],https://cb.scene7.com/is/image/Crate/AmbieAccentChair3QSSS23/raw/221006170249/ambie-walnut-wood-accent-chair-by-jake-arnold.jpg
409237,Faroe Accent Chair,$999,https://www.crateandbarrel.com//faroe-accent-chair/s409237,[],https://cb.scene7.com/is/image/Crate/FaroeChair3QSSF23/raw/230510125021/faroe-accent-chair.jpg
411188,Ojai Upholstered Wood Frame Accent Chair,$799,https://www.crateandbarrel.com//ojai-upholstered-wood-frame-accent-chair/s411188,"['Bliss Cloud', 'Bliss Night', 'Bliss Natural', 'Bliss Pewter', 'Bliss Dove']",https://cb.scene7.com/is/image/Crate/OjaiUphWFAcntChrBC3QSSS22_3D/raw/220118124451/ojai-upholstered-wood-frame-accent-chair.jpg
419553,Tillie Grande Swivel Chair,$1499,https://www.crateandbarrel.com//tillie-grande-swivel-chair/s419553,"['View Otter', 'View White', 'Tribute Quartz', 'Tribute Dune', 'View Wheat']",https://cb.scene7.com/is/image/Crate/TillieGrdSwvlChairVO3QSSS23_3D/raw/230314095248/tillie-grande-swivel-chair.jpg
254278,Cavett Leather Walnut Wood Frame Accent Chair,$1299,https://www.crateandbarrel.com//cavett-leather-chair/s254278,"['Libby Sumatra', 'Libby Mushroom', 'Libby Storm', 'Libby Cashew', 'Libby Fudge']",https://cb.scene7.com/is/image/Crate/CavettLthrChrSumatra3QS12/raw/230928122409/cavett-leather-chair.jpg
236459,Pose Natural Accent Chair,$999,https://www.crateandbarrel.com//pose-natural-accent-chair/s236459,"['Ascend Ivory', 'Ascend Desert', 'Ascend Mist', 'Ascend Shadow', 'Ascend Night']",https://cb.scene7.com/is/image/Crate/PoseChairNatural3QSSF21_3D/raw/230608132401/pose-natural-accent-chair.jpg
607262,Alex Black Boucle Accent Chair,$1399,https://www.crateandbarrel.com//alex-black-boucle-accent-chair/s607262,"['Alpine Onyx', 'Classic Velvet Dark Grey', 'Classic Velvet Navy Blue']",https://cb.scene7.com/is/image/Crate/AlexBoucleChairAOnyx3QSSF23/raw/230822123946/alex-boucle-chair.jpg
248433,Momo Accent Chair,$999,https://www.crateandbarrel.com//momo-accent-chair/s248433,"['Faux Shearling Beige', 'Faux Shearling Cloud', 'Faux Shearling Charcoal']",https://cb.scene7.com/is/image/Crate/MomoAccentChair3QSSS23/raw/230626151333/momo-accent-chair.jpg
271665,Valen Swivel Accent Chair,$1299,https://www.crateandbarrel.com//valen-swivel-accent-chair/s271665,"['Covet Taupe', 'Alpine Ivory', 'Alpine Beige', 'Alpine Onyx', 'Alpine Grey']",https://cb.scene7.com/is/image/Crate/ValenAccentChairCvTaupe3QSSS23/raw/221130112345/valen-swivel-accent-chair.jpg
249317,Alva Wingback Accent Chair,$1299,https://www.crateandbarrel.com//alva-wingback-accent-chair/s249317,"['Covet Camel', 'Covet Crème', 'Covet Olive', 'Covet Heather']",https://cb.scene7.com/is/image/Crate/AlvaAccentChairCml3QSSS23/raw/230731104238/alva-wingback-accent-chair.jpg
409202,Wythe Oversized Leather Chair,$2299,https://www.crateandbarrel.com//wythe-oversized-leather-chair/s409202,"['Montura Honey', 'Montura Bisque', 'Montura Olivia', 'Montura Smoke', 'Montura Fossil']",https://cb.scene7.com/is/image/Crate/WytheLthChairHny3QSSF23/raw/230612125515/wythe-leather-chair.jpg
408364,Wells Renew Vegan Leather Chair,$1799,https://www.crateandbarrel.com//wells-renew-vegan-leather-chair/s408364,"['Renew Vegan Leather Camel', 'Renew Vegan Leather Iron', 'Renew Vegan Leather Shrub', 'Renew Vegan Leather Carbon']",https://cb.scene7.com/is/image/Crate/WellsVLChairCml3QSSF23_3D/raw/230817095415/wells-vegan-silicone-leather-chair.jpg
458088,Fields Cane Back White Wash Accent Chair by Leanne Ford,$999,https://www.crateandbarrel.com//fields-cane-back-white-wash-accent-chair-by-leanne-ford/s458088,"['Whitewash and White', 'Natural and White', 'Dark Brown and Charcoal', 'Dark Brown and White', 'Whitewash and Natural']",https://cb.scene7.com/is/image/Crate/FieldsWhtwshWhtChr3QSSF21/raw/220330135426/fields-cane-back-white-wash-accent-chair-by-leanne-ford.jpg
429545,Oceanside Leather Wide-Arm Swivel Chair,$2199,https://www.crateandbarrel.com//oceanside-leather-wide-arm-swivel-chair/s429545,"['Arroyo Stone', 'Arroyo Shadow', 'Arroyo Sand', 'Arroyo Cognac']",https://cb.scene7.com/is/image/Crate/OceansideLthSwvlChrStn3QSSF23/raw/230620152340/oceanside-leather-deep-seat-swivel-chair.jpg
451815,Drew Small Swivel Accent Chair,$1099,https://www.crateandbarrel.com//drew-small-swivel-accent-chair/s451815,"['Bliss Dove', 'Hughes Grigio/View Brandy', 'Hughes Steele/View Navy', 'Bliss Cloud', 'Bliss Natural']",https://cb.scene7.com/is/image/Crate/DrewSwivelChairSmlBD3QSSS22_3D/raw/211004154300/drew-small-swivel-chair.jpg
248781,Barrett II Leather Track Arm Swivel Chair,$2199,https://www.crateandbarrel.com//barrett-ii-leather-track-arm-swivel-chair/s248781,"['Butler Ale', 'Butler Khaki', 'Butler Hickory', 'Butler Umber', 'Butler Lead']",https://cb.scene7.com/is/image/Crate/BarrettIILthrSwvlChair3QSSF22/raw/230224145600/barrett-ii-leather-track-arm-swivel-chair.jpg
168598,Axis Classic Swivel Chair,$1099,https://www.crateandbarrel.com//axis-classic-swivel-chair/s168598,"['Douglas Nickel', 'Douglas Lace', 'Icon White', 'Icon Pearl', 'Taft Pearl']",https://cb.scene7.com/is/image/Crate/AxisClsSwvlChairDN3QSSF23_3D/raw/231120180310/axis-classic-swivel-chair.jpg
465005,Drew Small Leather Swivel Accent Chair,$1899,https://www.crateandbarrel.com//drew-small-leather-swivel-accent-chair/s465005,"['Bruno Penny', 'Bruno Truffle', 'Bruno Night']",https://cb.scene7.com/is/image/Crate/DrewLthSwivelChrBrnPny3QSSF23/raw/230626151331/drew-small-leather-swivel-accent-chair.jpg
318753,Pose Natural Wood and Leather Accent Chair,$1599,https://www.crateandbarrel.com//pose-natural-wood-and-leather-accent-chair/s318753,"['Mason Fern', 'Mason Ale', 'Mason Lead', 'Mason Stone']",https://cb.scene7.com/is/image/Crate/PoseNatLthrChair3QSSS23/raw/230123100249/pose-natural-wood-and-leather-accent-chair.jpg
502750,Oceanside Leather Deep-Seat Swivel Chair,$2299,https://www.crateandbarrel.com//oceanside-leather-deep-seat-swivel-chair/s502750,"['Arroyo Stone', 'Arroyo Shadow', 'Arroyo Sand', 'Arroyo Cognac']",https://cb.scene7.com/is/image/Crate/OceansideLthSwvlChrStn3QSSF23/raw/230620152340/oceanside-leather-deep-seat-swivel-chair.jpg
429159,Axis Leather Swivel Chair,$2199,https://www.crateandbarrel.com//axis-leather-swivel-chair/s429159,"['Libby Camel', 'Libby Mushroom', 'Libby Storm', 'Libby Sumatra', 'Libby Cashew']",https://cb.scene7.com/is/image/Crate/AxisIILthSwvChairLibCamel3QSSF23/raw/230807154032/axis-leather-swivel-chair.jpg
474913,Lounge Leather Chair,$2099,https://www.crateandbarrel.com//lounge-leather-chair/s474913,"['Lukas Iron', 'Lukas Charcoal', 'Lukas Pecan', 'Lukas Toffee']",https://cb.scene7.com/is/image/Crate/LoungIILthr40CharIronSSS23/raw/230217111713/lounge-leather-chair.jpg
538308,Gather Deep Swivel Chair,$1199,https://www.crateandbarrel.com//gather-deep-swivel-chair/s538308,"['Icon Metal', 'Icon White', 'Monet Frost', 'Bliss Cloud', 'Tribute Quartz']",https://cb.scene7.com/is/image/Crate/GatherSwvlChrIcnMtl3QS20_3D/raw/230928123249/gather-deep-swivel-chair.jpg
129469,Tillery Antigo Natural Fabric Power Recliner Accent Chair,$1499,https://www.crateandbarrel.com//tillery-antigo-natural-fabric-power-recliner-accent-chair/s129469,[],https://cb.scene7.com/is/image/Crate/TilleryANFbPwRclnrChr3QSSF23/raw/231106120322/tillery-antigo-natural-fabric-power-recliner-accent-chair.jpg
176191,Sculpt Velvet Accent Chair,$899,https://www.crateandbarrel.com//sculpt-velvet-accent-chair/s176191,[],https://cb.scene7.com/is/image/Crate/SculptChairDkBlue3QSSF22_3D/raw/220825160555/sculpt-velvet-accent-chair.jpg
412925,Powell White Fabric Wingback Lounge Accent Chair,$899,https://www.crateandbarrel.com//powell-white-fabric-wingback-lounge-accent-chair/s412925,[],https://cb.scene7.com/is/image/Crate/PowellSwivelChairMP3QSSF22_3D/raw/220527135325/powell-white-fabric-wingback-lounge-chair.jpg
233494,Harper Shearling Accent Chair,$1299,https://www.crateandbarrel.com//harper-shearling-accent-chair/s233494,[],https://cb.scene7.com/is/image/Crate/HarperShrlngAccentChair3QSSF21/raw/210818132407/harper-shearling-accent-chair.jpg
146182,Fields Cane Dark Brown and White Chair,$999,https://www.crateandbarrel.com//fields-cane-dark-brown-and-white-chair/s146182,"['Dark Brown and White', 'Natural and White', 'Dark Brown and Charcoal', 'Whitewash and Natural', 'Whitewash and White']",https://cb.scene7.com/is/image/Crate/FieldsCaneBckBlkAcntChairWht3QSSS21/raw/200928114306/fields-cane-dark-brown-and-white-chair-by-leanne-ford.jpg
538115,Navarro Ash Wood and Leather Accent Chair,$1499,https://www.crateandbarrel.com//navarro-ash-wood-and-leather-accent-chair/s538115,[],https://cb.scene7.com/is/image/Crate/NavarroChair3QSSS23/raw/230307134450/navarro-ash-wood-and-leather-accent-chair.jpg
538037,Carlin Antique Black Leather and Cane Accent Chair,$1299,https://www.crateandbarrel.com//carlin-antique-black-leather-and-cane-accent-chair/s538037,[],https://cb.scene7.com/is/image/Crate/CarlinChairAntqBlack3QSSS23/raw/230307140737/carlin-antique-black-leather-and-cane-accent-chair.jpg
414500,Petrie Velvet Mid-Century Chair,$1899,https://www.crateandbarrel.com//petrie-velvet-mid-century-chair/s414500,"['Como Olive', 'Como Asphalt', 'Como Nickel', 'Como Metal', 'Como Cognac']",https://cb.scene7.com/is/image/Crate/item_987_56_1201_911/a/s9JyonuEG5OxnLH9FYNw/item_987_56_1201_911.jpg?
248299,Crawford Accent Chair by Jake Arnold,$1399,https://www.crateandbarrel.com//crawford-accent-chair-by-jake-arnold/s248299,[],https://cb.scene7.com/is/image/Crate/CrawfordChair3QSSS23/raw/230112113319/crawford-accent-chair-by-jake-arnold.jpg
248268,Crawford Slipcovered Chair with Box-Pleated Skirt by Jake Arnold,$1299,https://www.crateandbarrel.com//crawford-slipcovered-chair-with-box-pleated-skirt-by-jake-arnold/s248268,[],https://cb.scene7.com/is/image/Crate/CrawfordSlpChairWBoxPlts3QSSS23/raw/230123121934/crawford-slipcovered-chair-with-box-pleated-skirt-by-jake-arnold.jpg
326574,Lounge Leather Swivel Chair,$2199,https://www.crateandbarrel.com//lounge-leather-swivel-chair/s326574,"['Lukas Iron', 'Lukas Charcoal', 'Lukas Pecan', 'Lukas Toffee']",https://cb.scene7.com/is/image/Crate/LoungIILthrSwvChrIron3QSSS23/raw/230217111706/lounge-leather-swivel-chair.jpg
538063,Polly Sand Brown Accent Chair,$899,https://www.crateandbarrel.com//polly-sand-brown-accent-chair/s538063,[],https://cb.scene7.com/is/image/Crate/PollyChairKnollSand3QSSS23/raw/230307140736/polly-sand-brown-accent-chair.jpg
122003,Pacific Deep-Seat Chair with Wood Legs,$1299,https://www.crateandbarrel.com//pacific-deep-seat-chair-with-wood-legs/s122003,"['Bliss Cloud', 'Bliss Natural', 'Bliss Pewter', 'Bliss Dove', 'Bliss Dusk']",https://cb.scene7.com/is/image/Crate/PacificDChairBC3QSSF22_3D/raw/220825135625/pacific-deep-seat-chair-with-wood-legs.jpg
348529,Fernie Accent Chair,$1299,https://www.crateandbarrel.com//fernie-accent-chair/s348529,"['Lammy Winter White', 'Lammy Toast', 'Covet Crème', 'Covet Taupe', 'Covet Metal']",https://cb.scene7.com/is/image/Crate/CalderChair3QSSF20/raw/200513153340/fernie-chair.jpg
590275,Lounge Chair and a Half,$1249,https://www.crateandbarrel.com//lounge-chair-and-a-half/s590275,"['Taft Steel', 'View White', 'Taft Pearl', 'View Wheat', 'Taft Heather']",https://cb.scene7.com/is/image/Crate/LoungeChairHlfTS3QSSS23_3D/raw/221107113125/lounge-chair-and-a-half.jpg
538002,Tyson Sienna Brown Leather Accent Chair,$1899,https://www.crateandbarrel.com//tyson-sienna-brown-leather-accent-chair/s538002,[],https://cb.scene7.com/is/image/Crate/TysonChairHrlmSienna3QSSS23/raw/230313145236/tyson-sienna-brown-leather-accent-chair.jpg
318748,Pose Grey Wash Wood and Leather Accent Chair,$1599,https://www.crateandbarrel.com//pose-grey-wash-wood-and-leather-accent-chair/s318748,"['Mason Fern', 'Mason Ale', 'Mason Lead', 'Mason Stone']",https://cb.scene7.com/is/image/Crate/PoseGryWshLthrChair3QSSS23/raw/230112131324/pose-grey-wash-wood-and-leather-accent-chair.jpg
598352,Ojai Shearling Accent Chair,$2199,https://www.crateandbarrel.com//ojai-shearling-accent-chair/s598352,"['Shearling Natural', 'Triad Camel', 'Taurus Fern', 'Fairbanks Charcoal', 'Old Town Cayenne']",https://cb.scene7.com/is/image/Crate/OjaiShrlngWdFrmAccntChr3QSSS22/raw/211213154632/ojai-shearling-accent-chair.jpg
451651,Coronado Rattan Accent Chair,$699,https://www.crateandbarrel.com//coronado-rattan-accent-chair/s451651,[],https://cb.scene7.com/is/image/Crate/CoronadoRattanAccntChr3QSSS22/raw/211005124724/coronado-rattan-accent-chair.jpg
349195,Valen Swivel Accent Chair,$1299,https://www.crateandbarrel.com//valen-swivel-accent-chair/s349195,"['Covet Taupe', 'Covet Camel', 'Alpine Ivory', 'Alpine Beige', 'Alpine Onyx']",https://cb.scene7.com/is/image/Crate/ValenAccentChairCvCamel3QSSS23/raw/221130112345/valen-swivel-accent-chair.jpg
420519,Fields Cane Back White Wash and Natural Accent Chair by Leanne Ford,$999,https://www.crateandbarrel.com//fields-cane-back-white-wash-and-natural-accent-chair-by-leanne-ford/s420519,[],https://cb.scene7.com/is/image/Crate/FieldsWhtwshNatChr3QSSF21/raw/220330135416/fields-cane-back-white-wash-and-natural-cushion-accent-chair.jpg
302885,Lounge Deep Chair and a Half,$1279,https://www.crateandbarrel.com//lounge-deep-chair-and-a-half/s302885,"['Taft Cement', 'View White', 'Taft Pearl', 'View Wheat', 'Taft Heather']",https://cb.scene7.com/is/image/Crate/LoungeDChairNHalfTC3QSSS23_3D/raw/221013155326/lounge-deep-chair-and-a-half.jpg
248289,Crawford Slipcovered Chair by Jake Arnold,$1299,https://www.crateandbarrel.com//crawford-slipcovered-chair-by-jake-arnold/s248289,[],https://cb.scene7.com/is/image/Crate/CrawfordSlpChair3QSSS23/raw/230123121935/crawford-slipcovered-chair-by-jake-arnold.jpg
538091,Reggie Black Leather Accent Chair,$2099,https://www.crateandbarrel.com//reggie-black-leather-accent-chair/s538091,[],https://cb.scene7.com/is/image/Crate/ReggieChair3QSSS23/raw/230307140736/reggie-black-leather-accent-chair.jpg
402259,Fernie Accent Chair,$1299,https://www.crateandbarrel.com//fernie-accent-chair/s402259,"['Lammy Winter White', 'Covet Heather', 'Lammy Toast', 'Covet Crème', 'Covet Taupe']",https://cb.scene7.com/is/image/Crate/FernieChairHeather3QSSS23_3D/raw/230713104015/fernie-accent-chair.jpg
403406,Rivera Chair,$899,https://www.crateandbarrel.com//rivera-chair/s403406,"['Brussels Chestnut', 'Brussels Charcoal', 'Brussels Flax', 'Brussels Olive']",https://cb.scene7.com/is/image/Crate/RiveraChairChestnut3QSSF23/raw/230509105312/rivera-chair.jpg
538075,Bauer Thames Cream White Accent Chair with Performance Fabric,$1149,https://www.crateandbarrel.com//bauer-thames-cream-white-accent-chair-with-performance-fabric/s538075,[],https://cb.scene7.com/is/image/Crate/BauerChairCream3QSSS23/raw/230307140732/bauer-thames-cream-white-accent-chair-with-performance-fabric.jpg
237165,Wells Chair with Natural Leg Finish,$1099,https://www.crateandbarrel.com//wells-chair-with-natural-leg-finish/s237165,"['Tribute Gravel', 'Tribute Quartz', 'Tribute Carbon']",https://cb.scene7.com/is/image/Crate/WellsFChairNG3QSSF21_3D/raw/220823173356/wells-chair-with-natural-leg-finish.jpg
411903,Pelle Leather Reclining Accent Chair,$1899,https://www.crateandbarrel.com//pelle-leather-reclining-accent-chair/s411903,"['Beta Iron', 'Old Town Black', 'Benoit Stone', 'Taurus Fern', 'Fairbanks Charcoal']",https://cb.scene7.com/is/image/Crate/PelleLthrRclnrIron3QSSS22/raw/220429122325/pelle-leather-reclining-chair.jpg
349226,Valen Swivel Accent Chair,$1299,https://www.crateandbarrel.com//valen-swivel-accent-chair/s349226,"['Covet Taupe', 'Alpine Beige', 'Alpine Ivory', 'Alpine Onyx', 'Alpine Grey']",https://cb.scene7.com/is/image/Crate/ValenAccentChairAlpBeige3QSSS23/raw/230124151340/valen-swivel-accent-chair.jpg
406555,Infiniti Swivel Accent Chair,$1199,https://www.crateandbarrel.com//infiniti-swivel-accent-chair/s406555,"['Synergy Oatmeal', 'Synergy Pewter', 'Synergy Flannel', 'Synergy Hunter', 'Synergy Haze']",https://cb.scene7.com/is/image/Crate/InfinitiSwivelChairOat3QF19_3D/raw/230928123249/infiniti-swivel-chair.jpg
413663,Wythe Oversized Leather Chair,$2299,https://www.crateandbarrel.com//wythe-oversized-leather-chair/s413663,"['Montura Honey', 'Montura Bisque', 'Montura Olivia', 'Montura Smoke', 'Montura Fossil']",https://cb.scene7.com/is/image/Crate/WytheLthChairBisqueSOSSF23/raw/230612125510/wythe-leather-chair.jpg
475161,Lounge Deep Leather Chair,$2199,https://www.crateandbarrel.com//lounge-deep-leather-chair/s475161,"['Lukas Iron', 'Lukas Charcoal', 'Lukas Pecan', 'Lukas Toffee']",https://cb.scene7.com/is/image/Crate/LoungIIDeepLthr40CharIronSSS23/raw/230217111705/lounge-deep-leather-chair.jpg
598465,Pacific Leather Chair with Wood Legs,$2399,https://www.crateandbarrel.com//pacific-leather-chair-with-wood-legs/s598465,"['Ivers Pine', 'Ivers Buff']",https://cb.scene7.com/is/image/Crate/PacificLthrChair3QSSF22/raw/220817112257/pacific-leather-chair-with-wood-legs.jpg
510685,Gather Small Swivel Chair,$1049,https://www.crateandbarrel.com//gather-small-swivel-chair/s510685,"['Icon Metal', 'Icon White', 'Monet Frost', 'Bliss Cloud', 'Tribute Quartz']",https://cb.scene7.com/is/image/Crate/GatherSmlSwivelChair3QSSF23_3D/raw/230511165324/gather-small-swivel-chair.jpg
563108,Barrett II Track Arm Chair,$949,https://www.crateandbarrel.com//barrett-ii-track-arm-chair/s563108,[],https://cb.scene7.com/is/image/Crate/BarrettChairAsh3QF18/raw/230928122358/barrett-ii-track-arm-chair.jpg
348571,Fernie Accent Chair,$1299,https://www.crateandbarrel.com//fernie-accent-chair/s348571,"['Lammy Winter White', 'Lammy Grey', 'Lammy Toast', 'Covet Crème', 'Covet Taupe']",https://cb.scene7.com/is/image/Crate/FernieChairGrey3QSSS23/raw/221202115347/fernie-accent-chair.jpg
410207,Wells Renew Vegan Leather Chair,$1799,https://www.crateandbarrel.com//wells-renew-vegan-leather-chair/s410207,"['Renew Vegan Leather Camel', 'Renew Vegan Leather Carbon', 'Renew Vegan Leather Iron', 'Renew Vegan Leather Shrub']",https://cb.scene7.com/is/image/Crate/WellsVLChairCbn3QSSF23_3D/raw/230713104017/wells-vegan-silicone-leather-chair.jpg
562735,Hague Mid-Century Lounge Chair,$849,https://www.crateandbarrel.com//hague-mid-century-lounge-chair/s562735,"['Wonder Onyx', 'Delight Ivory']",https://cb.scene7.com/is/image/Crate/HagueChairOnyx3QSSS22/raw/221026151408/hague-mid-century-lounge-chair.jpg
538142,Halston Tufted Black Leather Accent Chair,$1699,https://www.crateandbarrel.com//halston-tufted-black-leather-accent-chair/s538142,[],https://cb.scene7.com/is/image/Crate/HalstonChair3QSSS23/raw/230307145312/halston-tufted-black-leather-accent-chair.jpg
538045,Polly Umber Black Leather Accent Chair,$1699,https://www.crateandbarrel.com//polly-umber-black-leather-accent-chair/s538045,[],https://cb.scene7.com/is/image/Crate/PollyChairUmbrBlack3QSSS23/raw/230307122343/polly-umber-black-leather-accent-chair.jpg
440932,Ojai Upholstered Wood Frame Accent Chair,$799,https://www.crateandbarrel.com//ojai-upholstered-wood-frame-accent-chair/s440932,"['Bliss Night', 'Bliss Cloud', 'Bliss Natural', 'Bliss Pewter', 'Bliss Dove']",https://cb.scene7.com/is/image/Crate/OjaiUphWFAcntChrBNht3QSSS22_3D/raw/220125141259/ojai-upholstered-wood-frame-accent-chair.jpg
611814,Lounge Small Swivel Chair,$1199,https://www.crateandbarrel.com//lounge-small-swivel-chair/s611814,"['Ascend Night', 'Ascend Ivory', 'Ascend Desert', 'Ascend Mist', 'Ascend Shadow']",https://cb.scene7.com/is/image/Crate/LoungeSmlSwvlChairAN3QSSF23_3D/raw/230526123549/lounge-small-swivel-chair.jpg
451529,Michi Woven Accent Chair,$699,https://www.crateandbarrel.com//michi-woven-accent-chair/s451529,[],https://cb.scene7.com/is/image/Crate/MichiChair3QSSS22/raw/211213154025/michi-woven-accent-chair.jpg
628997,Sensorio Swoop Arm Velvet Accent Chair by Athena Calderone,$899,https://www.crateandbarrel.com//sensorio-swoop-arm-velvet-accent-chair-by-athena-calderone/s628997,[],https://cb.scene7.com/is/image/Crate/TheSensorioChair3QSSF22/raw/220429152250/sensorio-swoop-arm-velvet-accent-chair-by-athena-calderone.jpg
537212,Gather Swivel Chair,$1149,https://www.crateandbarrel.com//gather-swivel-chair/s537212,"['Icon Metal', 'Monet Champagne', 'Icon White', 'Monet Frost', 'Bliss Cloud']",https://cb.scene7.com/is/image/Crate/GatherPTSwvlChrIcnMtl3QS20_3D/raw/230928123249/gather-swivel-chair.jpg
475138,Lounge Deep Leather Chair and a Half,$2599,https://www.crateandbarrel.com//lounge-deep-leather-chair-and-a-half/s475138,"['Lukas Iron', 'Lukas Charcoal', 'Lukas Pecan', 'Lukas Toffee']",https://cb.scene7.com/is/image/Crate/LoungIIDeepLthrCharp5IronSSS23/raw/230217111717/lounge-deep-leather-chair-and-a-half.jpg
629188,Tortona Ocher Velvet Swivel Accent Chair,$1299,https://www.crateandbarrel.com//tortona-ocher-velvet-swivel-accent-chair/s629188,[],https://cb.scene7.com/is/image/Crate/TortonaSwivelChair3QSSF22/raw/220413175057/tortona-ocher-velvet-swivel-accent-chair.jpg
508369,Medoc Swivel Chair,$1199,https://www.crateandbarrel.com//medoc-swivel-chair/s508369,"['Lucie Tapioca', 'Alessa Bordeaux', 'Lucie Smoke', 'Lucie Charcoal', 'Lucie Stone']",https://cb.scene7.com/is/image/Crate/MedocSwivelChairVlvBrdx3QSSF23/raw/230501150028/medoc-swivel-chair.jpg
411315,Domingo Leather Reclining Accent Chair with Wood Frame,$1799,https://www.crateandbarrel.com//domingo-leather-reclining-accent-chair-with-wood-frame/s411315,"['Beta Camel', 'Beta Iron', 'Old Town Black', 'Benoit Stone', 'Taurus Fern']",https://cb.scene7.com/is/image/Crate/DomingoLthrRclnrCamel3QSSS22/raw/220124163232/domingo-leather-reclining-chair-with-wood-frame.jpg
549915,Ankara Black Cane Chair with Ivory Cushion,$999,https://www.crateandbarrel.com//ankara-black-cane-chair-with-ivory-cushion/s549915,[],https://cb.scene7.com/is/image/Crate/AnkaraCaneChairBlkWBrc3QSSF21/raw/210924130443/ankara-black-cane-chair-with-ivory-cushion.jpg
131117,Alex Grey Velvet Accent Chair,$1399,https://www.crateandbarrel.com//alex-grey-velvet-accent-chair/s131117,"['Classic Velvet Dark Grey', 'Alpine Onyx', 'Classic Velvet Navy Blue']",https://cb.scene7.com/is/image/Crate/AlexChairClassicVelvetGrey3QF18/raw/230928122423/new-living-room.jpg
460807,Alva Leather Wingback Accent Chair,$1999,https://www.crateandbarrel.com//alva-leather-wingback-accent-chair/s460807,"['Hagen Teak', 'Hagen Espresso', 'Hagen Black']",https://cb.scene7.com/is/image/Crate/AlvaLthrChairEspressoSOSSF23/raw/230615145409/alva-leather-wingback-accent-chair.jpg
294983,Gather Wood Base Chair,$1599,https://www.crateandbarrel.com//gather-wood-base-chair/s294983,"['Tribute Quartz', 'Bliss Cloud', 'Tribute Dune', 'Tribute Gravel', 'Tribute Sterling']",https://cb.scene7.com/is/image/Crate/GatherPtWBChairTQ3QSSS21_3D/raw/230426104244/gather-wood-base-chair.jpg
231396,Barrett II Leather Track Arm Chair,$2099,https://www.crateandbarrel.com//barrett-ii-leather-track-arm-chair/s231396,"['Butler Ale', 'Butler Khaki', 'Butler Hickory', 'Butler Umber', 'Butler Lead']",https://cb.scene7.com/is/image/Crate/BarrettIILthrChair3QSSF22/raw/230224145558/barrett-ii-leather-track-arm-chair.jpg
146177,Fields Cane Back Charcoal Accent Chair,$999,https://www.crateandbarrel.com//fields-cane-back-charcoal-accent-chair/s146177,"['Dark Brown and Charcoal', 'Natural and White', 'Dark Brown and White', 'Whitewash and Natural', 'Whitewash and White']",https://cb.scene7.com/is/image/Crate/FieldsCaneBckAcntChairChr3QS20/raw/230928122349/fields-cane-dark-brown-accent-chair-by-leanne-ford.jpg
122647,Chiltern Velvet Tufted Arm Chair,$1599,https://www.crateandbarrel.com//chiltern-velvet-tufted-arm-chair/s122647,"['Covet Camel', 'Covet Olive']",https://cb.scene7.com/is/image/Crate/ChilternArmChairCamel3QSSF22/raw/220902141340/chiltern-velvet-tufted-arm-chair.jpg
121858,Rhum Leather Barrel Chair,$1999,https://www.crateandbarrel.com//rhum-leather-barrel-chair/s121858,[],https://cb.scene7.com/is/image/Crate/RhumChair3QSSF22/raw/220422165920/rhum-leather-barrel-chair.jpg
617093,Taj Brown Woven Leather Strap Accent Chair,$999,https://www.crateandbarrel.com//taj-brown-woven-leather-strap-accent-chair/s617093,"['Tan', 'White']",https://cb.scene7.com/is/image/Crate/TajLeatherStrapChair3QF18/raw/230928122359/taj-brown-woven-leather-strap-chair.jpg
121647,Wells Leather Chair and a Half,$1899,https://www.crateandbarrel.com//wells-leather-chair-and-a-half/s121647,[],https://cb.scene7.com/is/image/Crate/WellsLthrChairNHalfCyn3QSSF22/raw/220712150148/wells-leather-chair-and-a-half.jpg
122868,Chiltern Velvet Slipper Chair,$1199,https://www.crateandbarrel.com//chiltern-velvet-slipper-chair/s122868,"['Covet Olive', 'Covet Camel']",https://cb.scene7.com/is/image/Crate/ChilternSlprChairOlive3QSSF22/raw/220906113405/chiltern-velvet-slipper-chair.jpg
475018,Lounge Deep Leather Swivel Chair,$2299,https://www.crateandbarrel.com//lounge-deep-leather-swivel-chair/s475018,"['Lukas Iron', 'Lukas Charcoal', 'Lukas Pecan', 'Lukas Toffee']",https://cb.scene7.com/is/image/Crate/LoungIIDeepLthrSwvChrIronSSS23/raw/230217111705/lounge-deep-leather-swivel-chair.jpg
209114,Sculpt Warm Beige Velvet Accent Chair,$899,https://www.crateandbarrel.com//sculpt-warm-beige-velvet-accent-chair/s209114,[],https://cb.scene7.com/is/image/Crate/SculptChairWrmBg3QSSF22_3D/raw/220825160552/sculpt-velvet-accent-chair.jpg
444814,Alva Leather Wingback Accent Chair,$1999,https://www.crateandbarrel.com//alva-leather-wingback-accent-chair/s444814,"['Hagen Teak', 'Hagen Espresso', 'Hagen Black']",https://cb.scene7.com/is/image/Crate/AlvaLthrChairTeak3QSSF23/raw/230615145409/alva-leather-wingback-accent-chair.jpg
598636,Dessau Boucle Accent Chair with Chrome Frame,$1699,https://www.crateandbarrel.com//dessau-boucle-accent-chair-with-chrome-frame/s598636,[],https://cb.scene7.com/is/image/Crate/DessauChairMC3QSSF22_3D/raw/220502111427/dessau-boucle-accent-chair-with-chrome-frame.jpg
121825,Vuzzo Wingback Accent Chair with Wood Legs,$899,https://www.crateandbarrel.com//vuzzo-wingback-accent-chair-with-wood-legs/s121825,[],https://cb.scene7.com/is/image/Crate/VuzzoChair3QSSF22/raw/220422154654/vuzzo-wingback-accent-chair-with-wood-legs.jpg
121796,Trabel Wood Frame Leather Chair,$1599,https://www.crateandbarrel.com//trabel-wood-frame-leather-chair/s121796,[],https://cb.scene7.com/is/image/Crate/TrabelChair3QSSF22/raw/220422154705/trabel-wood-frame-leather-chair.jpg
411791,Tasse Swivel Accent Chair,$1199,https://www.crateandbarrel.com//tasse-swivel-accent-chair/s411791,[],https://cb.scene7.com/is/image/Crate/TasseSwivelChair3QSSS22/raw/220505161310/tasse-swivel-accent-chair.jpg
429324,Cigar Accent Chair,$2199,https://www.crateandbarrel.com//cigar-accent-chair/s429324,[],https://cb.scene7.com/is/image/Crate/CigarChairTideSOSSF23/raw/230612125513/cigar-accent-chair.jpg
571212,Rixby Natural Nursery Power Recliner Swivel Recliner Chair,$999,https://www.crateandbarrel.com//rixby-natural-nursery-power-recliner-swivel-recliner-chair/s571212,[],https://cb.scene7.com/is/image/Crate/RixbyPowerReclinerNat3QSSF22/raw/220404145349/rixby-natural-power-recliner-chair.jpg
571648,Lyric Natural Curved Nursery Swivel Nursery Glider Chair,$999,https://www.crateandbarrel.com//lyric-natural-curved-nursery-swivel-nursery-glider-chair/s571648,[],https://cb.scene7.com/is/image/Crate/LyricSwivelGliderNat3QSSF22_3D/raw/220824143424/lyric-natural-curved-swivel-glider-chair.jpg
472478,Powell Grey Leather Wingback Lounge Chair,$1899,https://www.crateandbarrel.com//powell-grey-leather-wingback-lounge-chair/s472478,[],https://cb.scene7.com/is/image/Crate/PowellLthrChair3QSSF22/raw/220721115312/powell-grey-leather-wingback-lounge-chair.jpg
117995,Cambria Bouclé Chair and a Half,$1399,https://www.crateandbarrel.com//cambria-boucle-chair-and-a-half/s117995,[],https://cb.scene7.com/is/image/Crate/CambriaChairHalfBP3QSSF22_3D/raw/220526162759/cambria-boucle-chair-and-a-half.jpg
549906,Ankara Natural Cane Chair with Ivory Cushion,$999,https://www.crateandbarrel.com//ankara-natural-cane-chair-with-ivory-cushion/s549906,[],https://cb.scene7.com/is/image/Crate/AnkaraCaneBackChairNat3QSSF21/raw/210430134811/ankara-natural-cane-chair-with-ivory-cushion.jpg
676211,Verso Small Space Rust Velvet Accent Chair,$1249.99,https://www.crateandbarrel.com//verso-small-space-rust-velvet-accent-chair/s676211,[],https://cb.scene7.com/is/image/Crate/VersoChairRust3QSSF22/raw/220321191359/verso-small-space-rust-velvet-accent-chair.jpg
278772,Dawes Swivel Accent Chair,$849,https://www.crateandbarrel.com//dawes-swivel-accent-chair/s278772,[],https://cb.scene7.com/is/image/Crate/DawesSwivelChair3QSSF21/raw/211119091307/dawes-swivel-chair.jpg
118831,Cambria Green Velvet Chair and a Half,$1799,https://www.crateandbarrel.com//cambria-green-velvet-chair-and-a-half/s118831,[],https://cb.scene7.com/is/image/Crate/CambriaChairHalfOlvVlvt3QSSF22/raw/220707164413/cambria-green-velvet-chair-and-a-half.jpg
563915,Willow II Slipcovered  Bench Chair and a Half,$1549,https://www.crateandbarrel.com//willow-ii-slipcovered-bench-chair-and-a-half/s563915,[],https://cb.scene7.com/is/image/Crate/WillowIISlpChairHalf3QSSS22_3D/raw/230328144328/willow-ii-slipcovered-bench-chair-and-a-half.jpg
341413,Cavett Ash Wood Leather Accent Chair,$1299,https://www.crateandbarrel.com//cavett-ash-wood-leather-accent-chair/s341413,[],https://cb.scene7.com/is/image/Crate/CavettLthrChrAshCamel3QSSF21/raw/210824144934/cavett-ash-wood-leather-chair.jpg
480811,Aris Track-Arm Swivel Chair,$1199,https://www.crateandbarrel.com//aris-track-arm-swivel-chair/s480811,[],https://cb.scene7.com/is/image/Crate/ArisSwivelChair3QSSF21_3D/raw/211116150339/aris-track-arm-swivel-chair.jpg
474900,Lounge Leather Chair and a Half,$2499,https://www.crateandbarrel.com//lounge-leather-chair-and-a-half/s474900,[],https://cb.scene7.com/is/image/Crate/LoungIILthrCharp5IronSSS23/raw/230217111719/lounge-leather-chair-and-a-half.jpg
209135,Sculpt Velvet Accent Chair,$899,https://www.crateandbarrel.com//sculpt-velvet-accent-chair/s209135,[],https://cb.scene7.com/is/image/Crate/SculptChairGrdGrn3QSSF22_3D/raw/220825160551/sculpt-velvet-accent-chair.jpg
470725,Tasse Reclining Swivel Chair,$1599,https://www.crateandbarrel.com//tasse-reclining-swivel-chair/s470725,[],https://cb.scene7.com/is/image/Crate/TasseSwivelRecliner3QSSS22/raw/220505165912/tasse-reclining-swivel-chair.jpg
121542,Timson Green Roll-Arm Chair,$1199,https://www.crateandbarrel.com//timson-green-roll-arm-chair/s121542,[],https://cb.scene7.com/is/image/Crate/TimsonChairOO3QSSF22_3D/raw/220610102455/timson-green-roll-arm-chair.jpg
560668,Barkley Mushroom Bouclé Dining Chair,$529,https://www.crateandbarrel.com//barkley-mushroom-boucle-dining-chair/s560668,[],https://cb.scene7.com/is/image/Crate/BarkleyBoucleDngChrMshrSOSSF21/raw/220103134644/barkley-mushroom-boucle-dining-chair.jpg
571685,Lyric Sage Green Curved Nursery Swivel Glider Chair,$999,https://www.crateandbarrel.com//lyric-sage-green-curved-nursery-swivel-glider-chair/s571685,[],https://cb.scene7.com/is/image/Crate/LyricSwivelGliderSg3QSSF22_3D/raw/220824143423/lyric-sage-green-curved-swivel-glider-chair.jpg
209075,Sculpt Velvet Accent Chair,$899,https://www.crateandbarrel.com//sculpt-velvet-accent-chair/s209075,[],https://cb.scene7.com/is/image/Crate/SculptChairTdBrwn3QSSF22_3D/raw/220825160552/sculpt-velvet-accent-chair.jpg
148122,Petrie Midcentury Chair,$1099,https://www.crateandbarrel.com//petrie-midcentury-chair/s148122,[],https://cb.scene7.com/is/image/Crate/PetrieChairJnsFeltGrey3QF16/raw/230928122349/petrie-midcentury-chair.jpg
209159,Sculpt Velvet Accent Chair,$899,https://www.crateandbarrel.com//sculpt-velvet-accent-chair/s209159,[],https://cb.scene7.com/is/image/Crate/SculptChairMinkSOSSF22_3D/raw/220825160559/sculpt-mink-velvet-accent-chair.jpg
469860,Domingo Leather Reclining Chair with Wood Frame,$1799,https://www.crateandbarrel.com//domingo-leather-reclining-chair-with-wood-frame/s469860,[],https://cb.scene7.com/is/image/Crate/DomingoLthrRclnrIronSOSSS22/raw/220309112251/domingo-leather-reclining-chair-with-wood-frame.jpg
560605,Barkley Granite Bouclé Dining Chair,$529,https://www.crateandbarrel.com//barkley-granite-boucle-dining-chair/s560605,[],https://cb.scene7.com/is/image/Crate/BarkleyBoucleDngChrGrntSOSSF21/raw/220103134746/barkley-granite-boucle-dining-chair.jpg
571263,Rixby Navy Nursery Power Recliner Swivel Recliner Chair,$999,https://www.crateandbarrel.com//rixby-navy-nursery-power-recliner-swivel-recliner-chair/s571263,[],https://cb.scene7.com/is/image/Crate/RixbyPowerReclinerNvy3QSSF22/raw/220408105406/rixby-navy-power-recliner-chair.jpg
567775,Axel Upholstered Curved Back Dining Chair,$499,https://www.crateandbarrel.com//axel-upholstered-curved-back-dining-chair/s567775,[],https://cb.scene7.com/is/image/Crate/AxelUphlstrdDiningChr3QSSF22/raw/220426111540/axel-upholstered-curved-back-dining-chair.jpg
131122,Alex Navy Blue Velvet Accent Chair,$1399,https://www.crateandbarrel.com//alex-navy-blue-velvet-accent-chair/s131122,[],https://cb.scene7.com/is/image/Crate/AlexChairClassicVelvetNavy3QF18/raw/230928122359/alex-navy-blue-velvet-accent-chair.jpg
230944,Axis Swivel Chair,$1249,https://www.crateandbarrel.com//axis-swivel-chair/s230944,[],https://cb.scene7.com/is/image/Crate/AxisIISwvlDNSOSSF20_3D/raw/210716123958/axis-ii-swivel-chair.jpg
611783,Lounge Small Chair,$1149,https://www.crateandbarrel.com//lounge-small-chair/s611783,[],https://cb.scene7.com/is/image/Crate/LoungeSmlChairAN3QSSF23_3D/raw/230526123550/lounge-small-chair.jpg
510692,Gather Small Chair,$1049,https://www.crateandbarrel.com//gather-small-chair/s510692,[],https://cb.scene7.com/is/image/Crate/GatherSmlChair3QSSF23_3D/raw/230511165331/gather-small-chair.jpg
471078,Hague Mid-Century Accent Chair,$849,https://www.crateandbarrel.com//hague-mid-century-accent-chair/s471078,[],https://cb.scene7.com/is/image/Crate/HagueChairIvory3QSSS22/raw/220505165911/hague-mid-century-accent-chair.jpg
425784,Clancy Leather Accent Chair,$999,https://www.crateandbarrel.com//clancy-leather-accent-chair/s425784,[],https://cb.scene7.com/is/image/Crate/ClancyChairLeatherSaddle3QF19/raw/230928122409/clancy-leather-chair.jpg
429257,Medoc Swivel Chair,$1199,https://www.crateandbarrel.com//medoc-swivel-chair/s429257,[],https://cb.scene7.com/is/image/Crate/MedocSwivelChairBclCharSOSSF23/raw/230612125514/medoc-swivel-chair.jpg
368077,Hugger Curved Swivel Accent Chair by Leanne Ford,$1299,https://www.crateandbarrel.com//hugger-curved-swivel-accent-chair-by-leanne-ford/s368077,[],https://cb.scene7.com/is/image/Crate/HuggerSwivelChair3QSSF21/raw/210913140533/hugger-curved-swivel-accent-chair-by-leanne-ford.jpg
141683,Barrett II Track Arm Chair and a Half,$1149,https://www.crateandbarrel.com//barrett-ii-track-arm-chair-and-a-half/s141683,[],https://cb.scene7.com/is/image/Crate/BarrettIIChairHlfOCSOSSS22_3D/raw/230906160609/barrett-ii-track-arm-chair-and-a-half.jpg
209122,Sculpt Velvet Accent Chair,$899,https://www.crateandbarrel.com//sculpt-velvet-accent-chair/s209122,[],https://cb.scene7.com/is/image/Crate/SculptChairFrGrn3QSSF22_3D/raw/220825160606/sculpt-velvet-accent-chair.jpg
560580,Barkley Grey Bouclé Dining Chair,$529,https://www.crateandbarrel.com//barkley-grey-boucle-dining-chair/s560580,[],https://cb.scene7.com/is/image/Crate/BarkleyBoucleDngChrGreySOSSF21/raw/220103134824/barkley-grey-boucle-dining-chair.jpg
560552,Barkley Cream Bouclé Dining Chair,$529,https://www.crateandbarrel.com//barkley-cream-boucle-dining-chair/s560552,[],https://cb.scene7.com/is/image/Crate/BarkleyBoucleDngChrCrmSOSSF21/raw/220103134634/barkley-cream-boucle-dining-chair.jpg
560625,Alfie Palermo Beige Chair,$2199,https://www.crateandbarrel.com//alfie-palermo-beige-chair/s560625,[],https://cb.scene7.com/is/image/Crate/AlfieChairNude3QSSS22/raw/230928122348/alfie-palermo-beige-chair.jpg
470715,Tasse Reclining Chair,$1399,https://www.crateandbarrel.com//tasse-reclining-chair/s470715,[],https://cb.scene7.com/is/image/Crate/TasseRecliner3QSSS22/raw/220505161310/tasse-reclining-chair.jpg
460973,Barrett II Track Arm Swivel Chair,$999,https://www.crateandbarrel.com//barrett-ii-track-arm-swivel-chair/s460973,[],https://cb.scene7.com/is/image/Crate/BarrettSwivelChairAsh3QF18/raw/230928122409/barrett-ii-track-arm-swivel-chair.jpg
359388,Peyton Swivel Chair,$1399,https://www.crateandbarrel.com//peyton-swivel-chair/s359388,[],https://cb.scene7.com/is/image/Crate/PeytonSwivelChairSCE3QSSF23_3D/raw/230414105411/peyton-swivel-chair.jpg
122843,Chiltern Velvet Tufted Arm Chair,$1599,https://www.crateandbarrel.com//chiltern-velvet-tufted-arm-chair/s122843,[],https://cb.scene7.com/is/image/Crate/ChilternArmChairOlive3QSSF22/raw/220906113407/chiltern-velvet-tufted-arm-chair.jpg
122698,Chiltern Velvet Slipper Chair,$1199,https://www.crateandbarrel.com//chiltern-velvet-slipper-chair/s122698,[],https://cb.scene7.com/is/image/Crate/ChilternSlprChairCamel3QSSF22/raw/220902141341/chiltern-velvet-slipper-chair.jpg
470954,Ojai Leather Wood Frame Accent Chair,$1499,https://www.crateandbarrel.com//ojai-leather-wood-frame-accent-chair/s470954,[],https://cb.scene7.com/is/image/Crate/OjaiLthrChairCyn3QSSS22/raw/211111145426/ojai-leather-wood-frame-accent-chair.jpg
331766,Wells Chair with Natural Leg Finish,$999,https://www.crateandbarrel.com//wells-chair-with-natural-leg-finish/s331766,[],https://cb.scene7.com/is/image/Crate/WellsFChairNC3QSSF21_3D/raw/220823173401/wells-chair-with-natural-leg-finish.jpg
560655,Barkley Putty Bouclé Dining Chair,$529,https://www.crateandbarrel.com//barkley-putty-boucle-dining-chair/s560655,[],https://cb.scene7.com/is/image/Crate/BarkleyBoucleDngChrPttySOSSF21/raw/220103134639/barkley-putty-boucle-dining-chair.jpg
229793,Sculpt Velvet Accent Chair,$899,https://www.crateandbarrel.com//sculpt-velvet-accent-chair/s229793,[],https://cb.scene7.com/is/image/Crate/SculptChair3QSSF20_3D/raw/200713153608/sculpt-velvet-accent-chair.jpg
429179,Medoc Swivel Chair,$1199,https://www.crateandbarrel.com//medoc-swivel-chair/s429179,[],https://cb.scene7.com/is/image/Crate/MedocSwivelChairBclSmokeSOSSF23/raw/230612125510/medoc-swivel-chair.jpg
565414,Barrett II Track Arm Chair and a Half,$1049,https://www.crateandbarrel.com//barrett-ii-track-arm-chair-and-a-half/s565414,[],https://cb.scene7.com/is/image/Crate/BarrettTwinSleeperAsh3QF18/raw/230928122410/barrett-ii-track-arm-chair-and-a-half.jpg
141485,Barrett II Track Arm Swivel Chair,$1049,https://www.crateandbarrel.com//barrett-ii-track-arm-swivel-chair/s141485,[],https://cb.scene7.com/is/image/Crate/BarrettIISwvlChrOC3QSSS22_3D/raw/230906160601/barrett-ii-track-arm-swivel-chair.jpg
470907,Ojai Leather Wood Frame Accent Chair,$1499,https://www.crateandbarrel.com//ojai-leather-wood-frame-accent-chair/s470907,[],https://cb.scene7.com/is/image/Crate/OjaiLthrChairChar3QSSS22/raw/211111145402/ojai-leather-wood-frame-accent-chair.jpg
470057,Pelle Leather Accent Chair,$1899,https://www.crateandbarrel.com//pelle-leather-accent-chair/s470057,[],https://cb.scene7.com/is/image/Crate/PelleLthrAccentChrCyn3QSSS22/raw/220428120505/pelle-leather-accent-chair.jpg
229802,Sculpt Velvet Accent Chair,$899,https://www.crateandbarrel.com//sculpt-velvet-accent-chair/s229802,[],https://cb.scene7.com/is/image/Crate/SculptChairBrdx3QSSF22_3D/raw/220825160545/sculpt-velvet-accent-chair.jpg
113242,Jesper Mid-Century Leather Accent Chair,$2299,https://www.crateandbarrel.com//jesper-mid-century-leather-accent-chair/s113242,[],https://cb.scene7.com/is/image/Crate/JesperLthrChair3QSSS21/raw/210208181026/jesper-mid-century-leather-chair.jpg
509745,Ojai Upholstered Wood Frame Accent Chair,$799,https://www.crateandbarrel.com//ojai-upholstered-wood-frame-accent-chair/s509745,[],https://cb.scene7.com/is/image/Crate/OjaiUphWFAcntChrBOchr3QSSS22_3D/raw/220628145953/ojai-upholstered-wood-frame-accent-chair.jpg
203479,Finn Fur Armchair,$1899,https://www.crateandbarrel.com//finn-fur-armchair/s203479,[],https://cb.scene7.com/is/image/Crate/FinnFurArmchair3QSSF20/raw/201109165330/finn-fur-armchair.jpg
265628,Broome Upholstered Olive Green Dining Chair by Jake Arnold,$599,https://www.crateandbarrel.com//broome-upholstered-olive-green-dining-chair-by-jake-arnold/s265628,[],https://cb.scene7.com/is/image/Crate/BroomeUphDiningArmChrSOSSS23/raw/221021160303/broome-upholstered-olive-green-dining-chair-by-jake-arnold.jpg
619611,Sutter Beige Bouclé Dining Chair,$749,https://www.crateandbarrel.com//sutter-beige-boucle-dining-chair/s619611,[],https://cb.scene7.com/is/image/Crate/SutterDiningChairSOSSS22/raw/220110143746/sutter-white-boucle-dining-chair.jpg
680920,Notch Swivel Chair,$1299,https://www.crateandbarrel.com//notch-swivel-chair/s680920,[],https://cb.scene7.com/is/image/Crate/NotchSwvlChrAdm3QSSF20_3D/raw/200812112451/notch-swivel-chair.jpg
242481,Nichols Swivel Accent Chair,$1599,https://www.crateandbarrel.com//nichols-swivel-accent-chair/s242481,[],https://cb.scene7.com/is/image/Crate/NicholsChair3QSSF21/raw/211008104254/nichols-swivel-accent-chair.jpg
349579,Oceanside Wide-Arm Swivel Chair,$1399,https://www.crateandbarrel.com//oceanside-wide-arm-swivel-chair/s349579,[],https://cb.scene7.com/is/image/Crate/OceansideSwivelChr3QSSS22_3D/raw/220428095253/oceanside-wide-arm-swivel-chair.jpg
470844,Ojai Upholstered Wood Frame Accent Chair,$799,https://www.crateandbarrel.com//ojai-upholstered-wood-frame-accent-chair/s470844,[],https://cb.scene7.com/is/image/Crate/OjaiUphWFAcntChrBDv3QSSS22_3D/raw/220628145958/ojai-upholstered-wood-frame-accent-chair.jpg
366590,Cosima Channel Tufted Chair,$1199,https://www.crateandbarrel.com//cosima-channel-tufted-chair/s366590,[],https://cb.scene7.com/is/image/Crate/CosimaChair3QS19_1x1/raw/190411134936/cosima-channel-tufted-chair.jpg
514125,Cavett Walnut Wood Frame Accent Chair,$1199,https://www.crateandbarrel.com//cavett-walnut-wood-frame-accent-chair/s514125,[],https://cb.scene7.com/is/image/Crate/CavettChairTftPrl3QSSF20_3D_1x1/raw/200410161438/cavett-wood-frame-chair.jpg
470762,Ojai Upholstered Wood Frame Accent Chair,$799,https://www.crateandbarrel.com//ojai-upholstered-wood-frame-accent-chair/s470762,[],https://cb.scene7.com/is/image/Crate/OjaiUphWFAcntChrBNat3QSSS22_3D/raw/220628145954/ojai-upholstered-wood-frame-accent-chair.jpg
464566,Hugger Curved Boucle Chair and a Half by Leanne Ford,$2318.55,https://www.crateandbarrel.com//hugger-curved-boucle-chair-and-a-half-by-leanne-ford/s464566,[],https://cb.scene7.com/is/image/Crate/item_879_57_350_0/a/s9JyonuEG5OxnLH9FYNw/item_879_57_350_0.jpg?
673991,Polly Ivory Accent Chair,$899,https://www.crateandbarrel.com//polly-ivory-accent-chair/s673991,[],https://cb.scene7.com/is/image/Crate/PollyChairCblstnJuteSHS19_3D_1x1/raw/190725130347/polly-ivory-accent-chair.jpg
331382,Wells Chair with Dark Brown Leg Finish,$999,https://www.crateandbarrel.com//wells-chair-with-dark-brown-leg-finish/s331382,[],https://cb.scene7.com/is/image/Crate/WellsFChairBC3QSSF21_3D/raw/220823173354/wells-chair-with-dark-brown-leg-finish.jpg
267357,Lounge Leather Swivel Chair,$2199,https://www.crateandbarrel.com//lounge-leather-swivel-chair/s267357,[],https://cb.scene7.com/is/image/Crate/LoungIILthrSwvChrLvstSmk3QS17/raw/230928122409/lounge-leather-swivel-chair.jpg
469883,Domingo Leather Reclining Chair with Wood Frame,$1799,https://www.crateandbarrel.com//domingo-leather-reclining-chair-with-wood-frame/s469883,[],https://cb.scene7.com/is/image/Crate/DomingoLthrRclnrCharSOSSS22/raw/220124170410/domingo-leather-reclining-chair-with-wood-frame.jpg
470101,Pelle Leather Accent Chair,$1899,https://www.crateandbarrel.com//pelle-leather-accent-chair/s470101,[],https://cb.scene7.com/is/image/Crate/PelleLthrAccentChrBlk3QSSS22/raw/220428120503/pelle-leather-accent-chair.jpg
332460,Cavett Ash Wood Chair,$1099,https://www.crateandbarrel.com//cavett-ash-wood-chair/s332460,[],https://cb.scene7.com/is/image/Crate/CavettChairFbAshWd3QSSF21_3D/raw/210612004923/cavett-ash-wood-chair.jpg
537191,Gather Leather Swivel Chair,$2199,https://www.crateandbarrel.com//gather-leather-swivel-chair/s537191,[],https://cb.scene7.com/is/image/Crate/GatherLthrSwivelChrLynx3QSSS20/raw/200226151652/gather-leather-swivel-chair.jpg
477844,Lounge Accent Chair,$1567,https://www.crateandbarrel.com//lounge-accent-chair/s477844,[],https://cb.scene7.com/is/image/Crate/LoungeChairAN3QSSS23_3D/raw/230314093042/lounge-chair.jpg
376040,Wells Leather Chair,$1899,https://www.crateandbarrel.com//wells-leather-chair/s376040,[],https://cb.scene7.com/is/image/Crate/WellsChairFern3QSSF21/raw/210914124413/wells-leather-chair.jpg
616628,Costes Oversized Armchair,$1799,https://www.crateandbarrel.com//costes-oversized-armchair/s616628,[],https://cb.scene7.com/is/image/Crate/CostesChair3QSSF20/raw/201111175813/costes-oversized-armchair.jpg
538894,Gather Deep Leather Chair,$2299,https://www.crateandbarrel.com//gather-deep-leather-chair/s538894,[],https://cb.scene7.com/is/image/Crate/GatherLthChairLynx3QSSS20/raw/200226151652/gather-leather-chair.jpg
373138,Peyton Accent Chair,$1299,https://www.crateandbarrel.com//peyton-accent-chair/s373138,[],https://cb.scene7.com/is/image/Crate/PeytonChairSCE3QSSF23_3D/raw/230721110320/peyton-chair.jpg
470810,Ojai Upholstered Wood Frame Accent Chair,$799,https://www.crateandbarrel.com//ojai-upholstered-wood-frame-accent-chair/s470810,[],https://cb.scene7.com/is/image/Crate/OjaiUphWFAcntChrBPwt3QSSS22_3D/raw/220628145948/ojai-upholstered-wood-frame-accent-chair.jpg
655148,Nora Grey Tub Chair,$999,https://www.crateandbarrel.com//nora-grey-tub-chair/s655148,[],https://cb.scene7.com/is/image/Crate/NoraTubChairGrey3QSSS22/raw/211213154040/nora-grey-tub-chair.jpg
149793,Petrie Leather Midcentury Chair,$2499,https://www.crateandbarrel.com//petrie-leather-midcentury-chair/s149793,[],https://cb.scene7.com/is/image/Crate/PetrieLthrChairCarbonSHF16_1x1/raw/230921125713/petrie-leather-chair.jpg
461534,Wells Leather Chair,$1899,https://www.crateandbarrel.com//wells-leather-chair/s461534,[],https://cb.scene7.com/is/image/Crate/WellsLthrChairCharSOSSF20_1x1/raw/210812090619/wells-leather-chair.jpg
560543,Alfie Villa Olive Chair,$1399,https://www.crateandbarrel.com//alfie-villa-olive-chair/s560543,[],https://cb.scene7.com/is/image/Crate/AlfieChairOlive3QSSS22/raw/230928122348/alfie-villa-olive-chair.jpg
441492,Ankara Chair with Fabric Cushion,$749.99,https://www.crateandbarrel.com//ankara-chair-with-fabric-cushion/s441492,[],https://cb.scene7.com/is/image/Crate/AnkaraGreyChairAscendIvory3QSSF21/raw/210707105327/ankara-chair-with-fabric-cushion.jpg
655758,Cavett Channel Walnut Wood Frame Chair,$1399,https://www.crateandbarrel.com//cavett-channel-walnut-wood-frame-chair/s655758,[],https://cb.scene7.com/is/image/Crate/CavettChnnlChair3QSSF20_3D_1x1/raw/200413103349/cavett-channel-chair.jpg
329618,Gala Reverse Roll Arm Chair,$1799,https://www.crateandbarrel.com//gala-reverse-roll-arm-chair/s329618,[],https://cb.scene7.com/is/image/Crate/GalaChair3QSSF21_3D/raw/210519124019/gala-reverse-roll-arm-chair.jpg
682568,Notch Chair and a Half,$1349,https://www.crateandbarrel.com//notch-chair-and-a-half/s682568,[],https://cb.scene7.com/is/image/Crate/NotchSwvlChrHlfStm3QSSF20_3D/raw/210504152303/notch-chair-and-a-half.jpg
332077,Wells Chair with Natural Leg Finish,$999,https://www.crateandbarrel.com//wells-chair-with-natural-leg-finish/s332077,[],https://cb.scene7.com/is/image/Crate/WellsFChairNQ3QSSF21_3D/raw/220823173443/wells-chair-with-natural-leg-finish.jpg
613530,Peyton Chair and a Half,$1399,https://www.crateandbarrel.com//peyton-chair-and-a-half/s613530,[],https://cb.scene7.com/is/image/Crate/PeytonChairNHalfSCE3QSSF23_3D/raw/230414105411/peyton-chair-and-a-half.jpg
588399,Tanner Chaps Saddle Leather Chair,$1599,https://www.crateandbarrel.com//tanner-chaps-saddle-leather-chair/s588399,[],https://cb.scene7.com/is/image/Crate/TannerLthrChairChapsSHS20_1x1/raw/200219114405/tanner-chaps-saddle-leather-chair.jpg
461617,Wells Leather Chair,$1899,https://www.crateandbarrel.com//wells-leather-chair/s461617,[],https://cb.scene7.com/is/image/Crate/WellsLthrChairStnSOSSF20_1x1/raw/210812090617/wells-leather-chair.jpg
377183,Wells Leather Chair,$1899,https://www.crateandbarrel.com//wells-leather-chair/s377183,[],https://cb.scene7.com/is/image/Crate/WellsLthrChairBlackSOSSF21/raw/210729113119/wells-leather-chair.jpg
682558,Notch Accent Chair,$1099,https://www.crateandbarrel.com//notch-accent-chair/s682558,[],https://cb.scene7.com/is/image/Crate/NotchChairStm3QSSF20_3D/raw/200803120600/notch-chair.jpg
538725,Gather Leather Chair and a Half,$2499,https://www.crateandbarrel.com//gather-leather-chair-and-a-half/s538725,[],https://cb.scene7.com/is/image/Crate/GatherLthrChrNHalfLynx3QSSS20/raw/200226151711/gather-leather-chair-and-a-half.jpg
538185,Gather Deep Chair,$1099,https://www.crateandbarrel.com//gather-deep-chair/s538185,[],https://cb.scene7.com/is/image/Crate/GatherChairIcnMtl3QS20_3D/raw/220902152339/gather-deep-chair.jpg
595518,Greer Fabric Wood Arm Recliner,$1599,https://www.crateandbarrel.com//greer-fabric-wood-arm-recliner/s595518,[],https://cb.scene7.com/is/image/Crate/GreerReclinerPearlSSS20_1x1/raw/200728130715/greer-fabric-wood-arm-recliner.jpg
349217,Valen Swivel Accent Chair,$1299,https://www.crateandbarrel.com//valen-swivel-accent-chair/s349217,[],https://cb.scene7.com/is/image/Crate/ValenAccentChairCvMetal3QSSS23/raw/221130112348/valen-swivel-accent-chair.jpg
271653,Valen Swivel Accent Chair,$1299,https://www.crateandbarrel.com//valen-swivel-accent-chair/s271653,[],https://cb.scene7.com/is/image/Crate/ValenAccentChairAlpIvry3QSSS23/raw/230124151339/valen-swivel-accent-chair.jpg
349276,Valen Swivel Accent Chair,$1299,https://www.crateandbarrel.com//valen-swivel-accent-chair/s349276,[],https://cb.scene7.com/is/image/Crate/ValenAccentChairAlpGrey3QSSS23/raw/230124151332/valen-swivel-accent-chair.jpg
349244,Valen Swivel Accent Chair,$1299,https://www.crateandbarrel.com//valen-swivel-accent-chair/s349244,[],https://cb.scene7.com/is/image/Crate/ValenAccentChairAlpOnyx3QSSS23/raw/230124151341/valen-swivel-accent-chair.jpg
349161,Valen Swivel Accent Chair,$1299,https://www.crateandbarrel.com//valen-swivel-accent-chair/s349161,[],https://cb.scene7.com/is/image/Crate/ValenAccentChairCvCreme3QSSS23/raw/230120140241/valen-swivel-accent-chair.jpg
538544,Gather Leather Chair,$2199,https://www.crateandbarrel.com//gather-leather-chair/s538544,[],https://cb.scene7.com/is/image/Crate/GatherLthChairLynx3QSSS20/raw/200226151652/gather-leather-chair.jpg
519678,Ever Slipcovered Chair by Leanne Ford,$1699,https://www.crateandbarrel.com//ever-slipcovered-chair-by-leanne-ford/s519678,[],https://cb.scene7.com/is/image/Crate/EverSlipcoveredChairWhite3QS20/raw/230928122422/ever-slipcovered-chair-by-leanne-ford.jpg
416021,Monahan Chair,$1899,https://www.crateandbarrel.com//monahan-chair/s416021,[],https://cb.scene7.com/is/image/Crate/MonahanChair3QSSF21_3D/raw/210629170609/monahan-chair.jpg
538296,Gather Deep Chair and a Half,$1149,https://www.crateandbarrel.com//gather-deep-chair-and-a-half/s538296,[],https://cb.scene7.com/is/image/Crate/GatherChairHalfIcnMtl3QS20_3D/raw/220902152344/gather-deep-chair-and-a-half.jpg
537859,Gather Accent Chair,$1888.25,https://www.crateandbarrel.com//gather-accent-chair/s537859,[],https://cb.scene7.com/is/image/Crate/item_662_56_2539_0/a/s9JyonuEG5OxnLH9FYNw/item_662_56_2539_0.jpg?
538031,Gather Chair and a Half,$1099,https://www.crateandbarrel.com//gather-chair-and-a-half/s538031,[],https://cb.scene7.com/is/image/Crate/GatherPTChairHlfMntChm3QS20_3D/raw/220902152339/gather-chair-and-a-half.jpg
331548,Wells Chair with Dark Brown Leg Finish,$999,https://www.crateandbarrel.com//wells-chair-with-dark-brown-leg-finish/s331548,[],https://cb.scene7.com/is/image/Crate/WellsFChairBQ3QSSF21_3D/raw/220823173357/wells-chair-with-dark-brown-leg-finish.jpg
295804,Lotus Chair and a Half,$1549,https://www.crateandbarrel.com//lotus-chair-and-a-half/s295804,[],https://cb.scene7.com/is/image/Crate/LotusPetiteChrHlfNordicSea3QS19/raw/230928122359/lotus-low-chair-and-a-half.jpg
539017,Gather Deep Leather Swivel Chair,$2299,https://www.crateandbarrel.com//gather-deep-leather-swivel-chair/s539017,[],https://cb.scene7.com/is/image/Crate/GatherLthrSwivelChrLynx3QSSS20/raw/200226151652/gather-leather-swivel-chair.jpg
470823,Ojai Upholstered Wood Frame Accent Chair,$799,https://www.crateandbarrel.com//ojai-upholstered-wood-frame-accent-chair/s470823,[],https://cb.scene7.com/is/image/Crate/OjaiUphWFAcntChrBDsk3QSSS22_3D/raw/220628145958/ojai-upholstered-wood-frame-accent-chair.jpg
365861,Rollins Natural Washed Camel Leather Button Tufted Chair,$2099,https://www.crateandbarrel.com//rollins-natural-washed-camel-leather-button-tufted-chair/s365861,[],https://cb.scene7.com/is/image/Crate/RollinsLeatherChairSOSSS20_1x1/raw/200512113811/rollins-leather-button-tufted-chair.jpg
244504,Lotus Deep Chair and a Half,$1599,https://www.crateandbarrel.com//lotus-deep-chair-and-a-half/s244504,[],https://cb.scene7.com/is/image/Crate/LotusChairAndHalfNordcFrost3QS19/raw/230928122353/lotus-low-chair-and-a-half.jpg
366541,Cosima Leather Channel Tufted Chair,$2399,https://www.crateandbarrel.com//cosima-leather-channel-tufted-chair/s366541,[],https://cb.scene7.com/is/image/Crate/CosimaLeatherChair3QS19/raw/230928122421/cosima-leather-channel-tufted-chair.jpg
402197,Fernie Accent Chair,$1299,https://www.crateandbarrel.com//fernie-accent-chair/s402197,[],https://cb.scene7.com/is/image/Crate/FernieChairCamel3QSSS23_3D/raw/230324160731/fernie-accent-chair.jpg
402270,Fernie Accent Chair,$1299,https://www.crateandbarrel.com//fernie-accent-chair/s402270,[],https://cb.scene7.com/is/image/Crate/FernieChairToast3QSSS23/raw/221202115313/fernie-accent-chair.jpg
402175,Fernie Accent Chair,$1299,https://www.crateandbarrel.com//fernie-accent-chair/s402175,[],https://cb.scene7.com/is/image/Crate/FernieChairTaupe3QSSS23_3D/raw/230324160732/fernie-accent-chair.jpg
402162,Fernie Accent Chair,$1299,https://www.crateandbarrel.com//fernie-accent-chair/s402162,[],https://cb.scene7.com/is/image/Crate/FernieChairMetal3QSSS23_3D/raw/230324160732/fernie-accent-chair.jpg
402183,Fernie Accent Chair,$1299,https://www.crateandbarrel.com//fernie-accent-chair/s402183,[],https://cb.scene7.com/is/image/Crate/FernieChairCream3QSSS23_3D/raw/230324160731/fernie-accent-chair.jpg
470025,Pelle Leather Reclining Chair,$1999,https://www.crateandbarrel.com//pelle-leather-reclining-chair/s470025,[],https://cb.scene7.com/is/image/Crate/PelleLthrRclnrBlack3QSSS22/raw/220429122319/pelle-leather-reclining-chair.jpg
470013,Pelle Leather Reclining Chair,$1999,https://www.crateandbarrel.com//pelle-leather-reclining-chair/s470013,[],https://cb.scene7.com/is/image/Crate/PelleLthrRclnrFern3QSSS22/raw/211026102351/pelle-leather-reclining-chair.jpg
470003,Pelle Leather Reclining Chair,$1999,https://www.crateandbarrel.com//pelle-leather-reclining-chair/s470003,[],https://cb.scene7.com/is/image/Crate/PelleLthrRclnrStone3QSSS22/raw/220429122326/pelle-leather-reclining-chair.jpg
469969,Pelle Leather Reclining Chair,$1999,https://www.crateandbarrel.com//pelle-leather-reclining-chair/s469969,[],https://cb.scene7.com/is/image/Crate/PelleLthrRclnrChar3QSSS22/raw/220429122326/pelle-leather-reclining-chair.jpg
469905,Domingo Leather Reclining Chair with Wood Frame,$1799,https://www.crateandbarrel.com//domingo-leather-reclining-chair-with-wood-frame/s469905,[],https://cb.scene7.com/is/image/Crate/DomingoLthrRclnrBlackSOSSS22/raw/220124170323/domingo-leather-reclining-chair-with-wood-frame.jpg
469925,Domingo Leather Reclining Chair with Wood Frame,$1799,https://www.crateandbarrel.com//domingo-leather-reclining-chair-with-wood-frame/s469925,[],https://cb.scene7.com/is/image/Crate/DomingoLthrRclnrFernSOSSS22/raw/220124170334/domingo-leather-reclining-chair-with-wood-frame.jpg
469898,Domingo Leather Reclining Chair with Wood Frame,$1799,https://www.crateandbarrel.com//domingo-leather-reclining-chair-with-wood-frame/s469898,[],https://cb.scene7.com/is/image/Crate/DomingoLthrRclnrStoneSOSSS22/raw/220124170323/domingo-leather-reclining-chair-with-wood-frame.jpg
538994,Gather Deep Leather Chair and a Half,$2599,https://www.crateandbarrel.com//gather-deep-leather-chair-and-a-half/s538994,[],https://cb.scene7.com/is/image/Crate/GatherLthrChrNHalfLynx3QSSS20/raw/200226151711/gather-leather-chair-and-a-half.jpg
595549,Greer Fabric Wood Arm Power Recliner,$2299,https://www.crateandbarrel.com//greer-fabric-power-recliner/s595549,[],https://cb.scene7.com/is/image/Crate/GreerPowerRclnrCream3QS16/raw/230928122359/greer-fabric-wood-arm-power-recliner.jpg
331493,Wells Chair with Dark Brown Leg Finish,$999,https://www.crateandbarrel.com//wells-chair-with-dark-brown-leg-finish/s331493,[],https://cb.scene7.com/is/image/Crate/WellsFChairBG3QSSF21_3D/raw/220823173356/wells-chair-with-dark-brown-leg-finish.jpg
656489,Cavett Channel Leather Walnut Wood Frame Chair,$1699,https://www.crateandbarrel.com//cavett-channel-leather-walnut-wood-frame-chair/s656489,[],https://cb.scene7.com/is/image/Crate/CavettLthrChannelChairSumSHF18_1x1/raw/210831154311/cavett-leather-channel-chair.jpg
477088,Lounge Deep Chair,$1596,https://www.crateandbarrel.com//lounge-deep-chair/s477088,[],https://cb.scene7.com/is/image/Crate/LoungeDpChairAN3QSSS23_3D/raw/230314093024/lounge-deep-chair.jpg
477832,Lounge Chair and a Half,$1649,https://www.crateandbarrel.com//lounge-chair-and-a-half/s477832,[],https://cb.scene7.com/is/image/Crate/LoungeChairNHalfAN3QSSS23_3D/raw/230314093033/lounge-chair-and-a-half.jpg
477735,Lounge 360 Swivel Chair,$1649,https://www.crateandbarrel.com//lounge-360-swivel-chair/s477735,[],https://cb.scene7.com/is/image/Crate/Lounge360SwvlChrAN3QSSS23_3D/raw/230314125940/lounge-360-swivel-chair.jpg
477078,Lounge Deep Chair and a Half,$1765,https://www.crateandbarrel.com//lounge-deep-chair-and-a-half/s477078,[],https://cb.scene7.com/is/image/Crate/LoungeDpChairNHalfAN3QSSS23_3D/raw/230314093020/lounge-deep-chair-and-a-half.jpg
476991,Lounge Deep 360 Swivel Chair,$1649,https://www.crateandbarrel.com//lounge-deep-360-swivel-chair/s476991,[],https://cb.scene7.com/is/image/Crate/LoungeDp360SwvlChrAN3QSSS23_3D/raw/230314093041/lounge-deep-360-swivel-chair.jpg
477023,Lounge Deep Right Arm Chair,$1549,https://www.crateandbarrel.com//lounge-deep-right-arm-chair/s477023,[],https://cb.scene7.com/is/image/Crate/LoungeDp360SwvlChrANSOSSS23_3D/raw/230314093023/lounge-deep-360-swivel-chair.jpg
642972,Lounge Deep Chair,$1199,https://www.crateandbarrel.com//lounge-deep-chair/s642972,[],https://cb.scene7.com/is/image/Crate/item_103_56_398_0/a/s9JyonuEG5OxnLH9FYNw/item_103_56_398_0.jpg?
237646,Lounge Deep Leather Swivel Chair,$2299,https://www.crateandbarrel.com//lounge-deep-leather-swivel-chair/s237646,[],https://cb.scene7.com/is/image/Crate/LoungIILthrSwvChrLvstSmkSSS20_1x1/raw/200601095744/lounge-ii-leather-swivel-chair.jpg
231436,Axis Chair and a Half,$1449,https://www.crateandbarrel.com//axis-chair-and-a-half/s231436,[],https://cb.scene7.com/is/image/Crate/AxisIIChrHlfDglsNickel3QF19/raw/230928122423/axis-chair-and-a-half.jpg
470071,Pelle Leather Accent Chair,$1899,https://www.crateandbarrel.com//pelle-leather-accent-chair/s470071,[],https://cb.scene7.com/is/image/Crate/PelleLthrAccentChrStone3QSSS22/raw/220428120509/pelle-leather-accent-chair.jpg
470091,Pelle Leather Accent Chair,$1899,https://www.crateandbarrel.com//pelle-leather-accent-chair/s470091,[],https://cb.scene7.com/is/image/Crate/PelleLthrAccentChrFern3QSSS22/raw/220428120509/pelle-leather-accent-chair.jpg
470068,Pelle Leather Accent Chair,$1899,https://www.crateandbarrel.com//pelle-leather-accent-chair/s470068,[],https://cb.scene7.com/is/image/Crate/PelleLthrAccentChrChar3QSSS22/raw/220428120514/pelle-leather-accent-chair.jpg
278786,Nora Tub Accent Chair,$999,https://www.crateandbarrel.com//nora-tub-accent-chair/s278786,[],https://cb.scene7.com/is/image/Crate/NoraTubChair3QSSF20/raw/201109174331/nora-tub-chair.jpg
420687,Momo Accent Chair,$999,https://www.crateandbarrel.com//momo-accent-chair/s420687,[],https://cb.scene7.com/is/image/Crate/MomoAccentChairCharcoalSOSSS23/raw/230627093307/momo-accent-chair.jpg
414229,Tillie Swivel Chair,$1299,https://www.crateandbarrel.com//tillie-swivel-chair/s414229,[],https://cb.scene7.com/is/image/Crate/TillieSwvlChairTGSOSSS23_3D/raw/230721110322/tillie-swivel-chair.jpg
420661,Momo Accent Chair,$999,https://www.crateandbarrel.com//momo-accent-chair/s420661,[],https://cb.scene7.com/is/image/Crate/MomoAccentChairCloudSOSSS23/raw/230627093303/momo-accent-chair.jpg
406598,Infiniti Swivel Accent Chair,$1199,https://www.crateandbarrel.com//infiniti-swivel-accent-chair/s406598,[],https://cb.scene7.com/is/image/Crate/InfinitiSwivelChairLk3QF19_3D/raw/230928123249/infiniti-swivel-chair.jpg
131133,Alex Bordeaux Velvet Accent Chair,$1399,https://www.crateandbarrel.com//alex-bordeaux-velvet-accent-chair/s131133,[],https://cb.scene7.com/is/image/Crate/AlexChairClasscVelvetBordo3QF18/raw/230928122354/alex-bordeaux-velvet-accent-chair.jpg
635929,Blake Light Brown Rattan Accent Chair with Fabric Cushion,$797.99,https://www.crateandbarrel.com//blake-grey-wash-chair-with-fabric-cushion/s635929,[],https://cb.scene7.com/is/image/Crate/BlakeChairSolanaCushSet3QSSF23/raw/230814130252/blake-light-brown-rattan-chair-with-fabric-cushion.jpg
410103,Wells Renew Vegan Leather Chair,$1799,https://www.crateandbarrel.com//wells-renew-vegan-leather-chair/s410103,[],https://cb.scene7.com/is/image/Crate/WellsVLChairShr3QSSF23_3D/raw/230713104017/wells-vegan-silicone-leather-chair.jpg
403358,Rivera Chair,$899,https://www.crateandbarrel.com//rivera-chair/s403358,[],https://cb.scene7.com/is/image/Crate/RiveraChairOliveSOSSF23/raw/230615145423/rivera-chair.jpg
413841,Wythe Oversized Leather Chair,$2299,https://www.crateandbarrel.com//wythe-oversized-leather-chair/s413841,[],https://cb.scene7.com/is/image/Crate/WytheLthChairFossilSOSSF23/raw/230612125511/wythe-leather-chair.jpg
502031,Williams Accent Chair by Leanne Ford,$1199,https://www.crateandbarrel.com//williams-accent-chair-by-leanne-ford/s502031,[],https://cb.scene7.com/is/image/Crate/WilliamsChairSHS20_1x1/raw/200129165013/williams-chair.jpg
460851,Alva Wingback Accent Chair,$1299,https://www.crateandbarrel.com//alva-wingback-accent-chair/s460851,[],https://cb.scene7.com/is/image/Crate/AlvaAccentChairOliveSOSSS23/raw/230615145427/alva-wingback-accent-chair.jpg
409965,Wells Renew Vegan Leather Chair,$1799,https://www.crateandbarrel.com//wells-renew-vegan-leather-chair/s409965,[],https://cb.scene7.com/is/image/Crate/WellsVLChairIrn3QSSF23_3D/raw/230713104026/wells-renew-vegan-leather-chair.jpg
403346,Rivera Chair,$899,https://www.crateandbarrel.com//rivera-chair/s403346,[],https://cb.scene7.com/is/image/Crate/RiveraChairFlaxSOSSF23/raw/230627110245/rivera-chair.jpg
403320,Rivera Chair,$899,https://www.crateandbarrel.com//rivera-chair/s403320,[],https://cb.scene7.com/is/image/Crate/RiveraChairCharcoalSOSSF23/raw/230615145409/rivera-chair.jpg
413935,Wythe Oversized Leather Chair,$2299,https://www.crateandbarrel.com//wythe-oversized-leather-chair/s413935,[],https://cb.scene7.com/is/image/Crate/WytheLthChairCigarSOSSF23/raw/230612125513/wythe-leather-chair.jpg
413794,Wythe Oversized Leather Chair,$2299,https://www.crateandbarrel.com//wythe-oversized-leather-chair/s413794,[],https://cb.scene7.com/is/image/Crate/WytheLthChairSmokeSOSSF23/raw/230612125511/wythe-leather-chair.jpg
413718,Wythe Oversized Leather Chair,$2299,https://www.crateandbarrel.com//wythe-oversized-leather-chair/s413718,[],https://cb.scene7.com/is/image/Crate/WytheLthChairOliviaSOSSF23/raw/230612125513/wythe-leather-chair.jpg
508351,Medoc Swivel Chair,$1199,https://www.crateandbarrel.com//medoc-swivel-chair/s508351,[],https://cb.scene7.com/is/image/Crate/MedocSwivelChairVlvCocoaSOSSF23/raw/230612125513/medoc-swivel-chair.jpg
429135,Bisou Accent Chair,$999,https://www.crateandbarrel.com//bisou-accent-chair/s429135,[],https://cb.scene7.com/is/image/Crate/BisouChairNoelleTaupeSOSSF23/raw/230626152345/bisou-accent-chair.jpg
470045,Pelle Leather Accent Chair,$1899,https://www.crateandbarrel.com//pelle-leather-accent-chair/s470045,[],https://cb.scene7.com/is/image/Crate/PelleLthrAccentChrIronSOSSS22/raw/220428120459/pelle-leather-accent-chair.jpg
460871,Alva Wingback Accent Chair,$1299,https://www.crateandbarrel.com//alva-wingback-accent-chair/s460871,[],https://cb.scene7.com/is/image/Crate/AlvaAccentChairCremeSOSSS23/raw/230615145429/alva-wingback-accent-chair.jpg
429268,Medoc Swivel Chair,$1199,https://www.crateandbarrel.com//medoc-swivel-chair/s429268,[],https://cb.scene7.com/is/image/Crate/MedocSwivelChairBclStoneSOSSF23/raw/230612125515/medoc-swivel-chair.jpg
429301,Cigar Accent Chair,$2199,https://www.crateandbarrel.com//cigar-accent-chair/s429301,[],https://cb.scene7.com/is/image/Crate/CigarChairSandstoneSOSSF23/raw/230612125514/cigar-accent-chair.jpg
469936,Pelle Leather Reclining Chair,$1999,https://www.crateandbarrel.com//pelle-leather-reclining-chair/s469936,[],https://cb.scene7.com/is/image/Crate/PelleLthrRclnrCynSOSSS22/raw/211026102345/pelle-leather-reclining-chair.jpg
460833,Alva Wingback Accent Chair,$1299,https://www.crateandbarrel.com//alva-wingback-accent-chair/s460833,[],https://cb.scene7.com/is/image/Crate/AlvaAccentChairHeatherSOSSS23/raw/230627131224/alva-wingback-accent-chair.jpg
508375,Medoc Swivel Chair,$1199,https://www.crateandbarrel.com//medoc-swivel-chair/s508375,[],https://cb.scene7.com/is/image/Crate/MedocSwivelChairVlvOliveSOSSF23/raw/230612125516/medoc-swivel-chair.jpg
509757,Ojai Upholstered Wood Frame Accent Chair,$799,https://www.crateandbarrel.com//ojai-upholstered-wood-frame-accent-chair/s509757,[],https://cb.scene7.com/is/image/Crate/OjaiUphWFAcntChrBOlvSOSSS22_3D/raw/220401162244/ojai-upholstered-wood-frame-accent-chair.jpg
429315,Cigar Accent Chair,$2199,https://www.crateandbarrel.com//cigar-accent-chair/s429315,[],https://cb.scene7.com/is/image/Crate/CigarChairOnyxSOSSF23/raw/230612125512/cigar-accent-chair.jpg
429117,Bisou Accent Chair,$999,https://www.crateandbarrel.com//bisou-accent-chair/s429117,[],https://cb.scene7.com/is/image/Crate/BisouChairNoelleOnyxSOSSF23/raw/230626152339/bisou-accent-chair.jpg
470866,Ojai Leather Wood Frame Accent Chair,$1499,https://www.crateandbarrel.com//ojai-leather-wood-frame-accent-chair/s470866,[],https://cb.scene7.com/is/image/Crate/OjaiLthrChairFern3QSSS22/raw/211111145426/ojai-leather-wood-frame-accent-chair.jpg
460817,Alva Leather Wingback Accent Chair,$1999,https://www.crateandbarrel.com//alva-leather-wingback-accent-chair/s460817,[],https://cb.scene7.com/is/image/Crate/AlvaLthrChairBlackSOSSF23/raw/230615145409/alva-leather-wingback-accent-chair.jpg
228729,Axis Leather Chair and a Half,$2399,https://www.crateandbarrel.com//axis-leather-chair-and-a-half/s228729,[],https://cb.scene7.com/is/image/Crate/AxisIILthrChairHalfLibCamelSSF23/raw/230807154018/axis-leather-chair-and-a-half.jpg
643055,Lounge Accent Chair,$1149,https://www.crateandbarrel.com//lounge-accent-chair/s643055,[],https://cb.scene7.com/is/image/Crate/item_236_56_398_0/a/s9JyonuEG5OxnLH9FYNw/item_236_56_398_0.jpg?
237771,Lounge Deep Leather Chair,$2199,https://www.crateandbarrel.com//lounge-deep-leather-chair/s237771,[],https://cb.scene7.com/is/image/Crate/LoungIILthr40CharLvstSmkSSS20_1x1/raw/200601095805/lounge-ii-leather-chair.jpg
230766,Axis Accent Chair,$1149,https://www.crateandbarrel.com//axis-accent-chair/s230766,[],https://cb.scene7.com/is/image/Crate/AxisIIChairDNSOSSF20_3D/raw/210716124004/axis-ii-chair.jpg
267441,Lounge Leather Chair,$2099,https://www.crateandbarrel.com//lounge-leather-chair/s267441,[],https://cb.scene7.com/is/image/Crate/LoungIILthr40CharLvstSmkSSS20_1x1/raw/200601095805/lounge-ii-leather-chair.jpg
268535,Lounge Deep 360 Swivel Chair,$1249,"https://www.crateandbarrel.com//lounge-deep-360-swivel-chair/s268535?oc=1,2487",[],https://cb.scene7.com/is/image/Crate/item_103_70_2487_0/raw/231203112756/item_103_70_2487_0.jpg
228400,"Axis Leather 40"" Chair",$2049,https://www.crateandbarrel.com//axis-leather-40-chair/s228400,[],https://cb.scene7.com/is/image/Crate/AxisIILthr40ChairLibCamelSSF23/raw/230613094648/axis-leather-40-chair.jpg
429122,Bisou Accent Chair,$999,https://www.crateandbarrel.com//bisou-accent-chair/s429122,[],https://cb.scene7.com/is/image/Crate/BisouChairNoelleJavaSOSSF23/raw/230626152338/bisou-accent-chair.jpg
268648,Lounge 360 Swivel Chair,$1199,https://www.crateandbarrel.com//lounge-360-swivel-chair/s268648,[],https://cb.scene7.com/is/image/Crate/Lounge360SwivelChrTS3QSSS23_3D/raw/221013150016/lounge-360-swivel-chair.jpg
228192,Axis Leather Chair,$2099,https://www.crateandbarrel.com//axis-leather-chair/s228192,[],https://cb.scene7.com/is/image/Crate/AxisIILthrChairrEspLibCamelSSF23/raw/230807154005/axis-leather-chair.jpg
237816,Lounge Deep Leather Chair and a Half,$2599,https://www.crateandbarrel.com//lounge-deep-leather-chair-and-a-half/s237816,[],https://cb.scene7.com/is/image/Crate/LoungIILthrCharp5LvstSmkSSS20_1x1/raw/200601095745/lounge-ii-leather-chair-and-a-half.jpg
267463,Lounge Leather Chair and a Half,$2499,https://www.crateandbarrel.com//lounge-leather-chair-and-a-half/s267463,[],https://cb.scene7.com/is/image/Crate/LoungIILthrCharp5LvstSmkSSS20_1x1/raw/200601095745/lounge-ii-leather-chair-and-a-half.jpg
230928,"Axis 40"" Chair",$1099,"https://www.crateandbarrel.com//axis-40-chair/s230928?oc=1,398_4,111",[],https://cb.scene7.com/is/image/Crate/item_13_69_240_117/a/s9JyonuEG5OxnLH9FYNw/item_13_69_240_117.jpg?
294053,Avondale Wood Leg Chair,$1299,https://www.crateandbarrel.com//avondale-wood-leg-chair/s294053,[],https://cb.scene7.com/is/image/Crate/AvondaleWLChairTP3QSSS21_3D/raw/210405115309/avondale-wood-leg-chair.jpg
326153,Pose Grey Wash Accent Chair,$999,https://www.crateandbarrel.com//pose-grey-wash-accent-chair/s326153,[],https://cb.scene7.com/is/image/Crate/item_777_56_2339_2427/a/s9JyonuEG5OxnLH9FYNw/item_777_56_2339_2427.jpg?
682307,Notch Swivel Chair,$1299,https://www.crateandbarrel.com//notch-swivel-chair/s682307,[],https://cb.scene7.com/is/image/Crate/NotchSwvlChrStm3QSSF20_3D/raw/200803120554/notch-swivel-chair.jpg
140558,Barrett II Track Arm Chair,$999,https://www.crateandbarrel.com//barrett-ii-track-arm-chair/s140558,[],https://cb.scene7.com/is/image/Crate/BarrettIIChairOC3QSSS22_3D/raw/230906160559/barrett-ii-track-arm-chair.jpg
420566,Tillie Throw Pillow,$64.95,https://www.crateandbarrel.com//tillie-throw-pillow/s420566,[],https://cb.scene7.com/is/image/Crate/TillieThrowPillowVOTPSSS23_3D/raw/230314155244/tillie-throw-pillow.jpg
365293,Taj White Woven Leather Strap Accent Chair,$749.99,https://www.crateandbarrel.com//taj-white-woven-leather-strap-accent-chair/s365293,[],https://cb.scene7.com/is/image/Crate/TajLeatherStrapWhiteChair3QSSS21/raw/210202122037/taj-white-woven-leather-strap-chair.jpg
242456,Verso Small Space White Fabric Accent Chair,$1249.99,https://www.crateandbarrel.com//verso-small-space-white-fabric-accent-chair/s242456,[],https://cb.scene7.com/is/image/Crate/VersoChair3QSSS22/raw/211209114625/verso-small-space-white-fabric-accent-chair.jpg
357554,Patty Armless Accent Chair by Leanne Ford,$499.97,https://www.crateandbarrel.com//patty-armless-accent-chair-by-leanne-ford/s357554,[],https://cb.scene7.com/is/image/Crate/PattyAccentChair3QSSF21/raw/210921095411/patty-armless-accent-chair-by-leanne-ford.jpg
669722,Cova Mid-Century Wing Chair,$1299,https://www.crateandbarrel.com//cova-mid-century-wing-chair/s669722,[],https://cb.scene7.com/is/image/Crate/CovaAccentChair3QSSF21/raw/210430134828/cova-mid-century-wing-chair.jpg
295359,Pacific Chair with Wood Legs,$1199,https://www.crateandbarrel.com//pacific-chair-with-wood-legs/s295359,[],https://cb.scene7.com/is/image/Crate/PacificChairBC3QSSS21_3D/raw/220824124641/pacific-chair-with-wood-legs.jpg
